2026-09-15T17:48:49Z,country,"Eswatini",pixabay,success
2026-09-16T13:40:24Z,geography,"Argentina",AR,success
2026-09-16T18:19:43Z,country,"Ethiopia",pixabay,success
2026-09-17T13:39:09Z,country,"Fiji",pexels,success
2026-09-17T18:42:02Z,hook,"Singapore",pexels,success
2026-09-18T13:06:29Z,geography,"Australia",AU,success
2026-09-18T17:12:48Z,trending,"Nicaragua",pexels,success
2026-09-19T12:38:43Z,hook,"Slovenia",pexels,success
2026-09-19T16:38:39Z,trending,"Niger",pexels,success
2026-09-20T13:12:44Z,geography,"Azerbaijan",AZ,success
2026-09-20T19:36:31Z,country,"Gabon",pexels,success
2026-09-20T22:35:20Z,worlddata,"Latvia",LV,success
2026-09-21T15:18:19Z,country,"Gambia",pexels,failure
2026-09-21T20:08:32Z,hook,"Somalia",pexels,success
2026-09-22T13:35:47Z,trending,"North Macedonia",pexels,success
2026-09-22T18:16:41Z,hook,"South Africa",pexels,success
2026-09-23T13:50:10Z,geography,"Bangladesh",BD,success
2026-09-23T18:35:05Z,trending,"Norway",pexels,success
2026-09-24T13:44:56Z,geography,"Barbados",BB,success,success
2026-09-25T13:59:46Z,worlddata,"Liechtenstein",LI,success,success
2026-09-25T18:51:48Z,country,"Greece",pexels,success,success
2026-09-26T17:22:51Z,country,"Grenada",pexels,success,success
2026-09-26T23:02:42Z,hook,"Sudan",pexels,success,success
2026-09-27T14:51:30Z,hook,"Suriname",pexels,success,success
2026-09-27T19:12:35Z,trending,"Palestine",pexels,success,success
2026-09-28T15:43:11Z,trending,"Panama",pexels,success,success
2026-09-28T22:14:17Z,geography,"Benin",BJ,success,success
2026-09-29T16:03:45Z,geography,"Bhutan",BT,success,success
2026-09-30T19:32:48Z,worlddata,"Malaysia",MY,success,success
2026-10-01T00:05:05Z,country,"Guyana",pexels,success,success
2026-10-01T19:44:52Z,hook,"São Tomé and Príncipe",pexels,success,success
2026-10-02T18:38:07Z,hook,"Taiwan",pexels,success,success
2026-10-02T23:09:40Z,trending,"Philippines",pexels,success,success
2026-10-03T18:07:19Z,trending,"Poland",pexels,success,success
