timestamp,script_title,archive_identifier,sheet_outcome
2026-09-07T13:55:16Z,"Japan",pexels,failure
2026-09-07T14:01:18Z,"Japan",pexels,failure
2026-09-07T19:31:52Z,"Republic of the Congo",pexels,failure
2026-09-08T01:42:19Z,"Romania",pexels,skipped
2026-09-08T02:49:38Z,"Central African Republic",pexels,skipped
2026-09-08T03:08:51Z,"Central African Republic",pexels,failure
2026-09-08T12:24:58Z,"Russia",pexels,success
2026-09-08T19:07:41Z,"Rwanda",pexels,success
2026-09-09T01:53:20Z,"Saint Kitts and Nevis",pexels,success
2026-09-09T12:36:43Z,"Saint Lucia",pexels,success
2026-09-09T18:59:54Z,"Saint Vincent and the Grenadines",pexels,success
2026-09-10T01:46:34Z,"Samoa",pexels,success
2026-09-10T12:29:54Z,"Saudi Arabia",pexels,success
2026-09-10T18:49:34Z,"Senegal",pexels,success
2026-09-11T01:46:54Z,"Serbia",pexels,success
2026-09-11T12:28:48Z,"Seychelles",pexels,success
2026-09-11T16:03:12Z,"Seychelles",pexels,success
2026-09-11T18:57:08Z,"Sierra Leone",pexels,failure
2026-09-12T01:57:56Z,"Singapore",pexels,success
2026-09-12T11:53:25Z,"Slovakia",pexels,success
