2026-09-21T10:53:44Z,"unknown",unknown,skipped
2026-09-21T11:02:52Z,"Top 8 by Foreign Direct Investment Inflows",fdi_inflows,success
2026-09-22T13:44:36Z,"Top 8 Countries by World Happiness Score",world_happiness,success
2026-09-23T13:55:51Z,"Top 8 Countries by Democracy Index",democracy_index,success
2026-09-25T08:13:45Z,"Top 8 Countries by Land Area",land_area,success,success
2026-09-26T08:02:47Z,"Top 8 Countries by Population",population,success,success
2026-09-27T08:35:39Z,"Top 8 Highest CO2 Emissions per Person",co2_per_capita,success,success
2026-09-28T07:34:59Z,"Top 8 Countries by Renewable Energy Share",renewable_energy,success,success
2026-09-29T09:03:07Z,"Top 8 Countries by Global Innovation Index",global_innovation_index,success,success
2026-09-30T07:22:46Z,"Top 8 Countries by PISA Science Score",pisa_science,success,success
2026-10-01T22:04:01Z,"Top 8 Strongest Militaries",military_strength,success,success
2026-10-02T09:00:14Z,"Top 8 Countries by Henley Passport Index",passport_index,success,success
