2026-09-21T10:53:08Z,"unknown",unknown,skipped
2026-09-21T10:59:41Z,"Tajikistan vs Brazil",TJ_BR,success
2026-09-21T11:17:51Z,"São Tomé and Príncipe vs Bulgaria",ST_BG,success
2026-09-22T17:52:04Z,"São Tomé and Príncipe vs Bulgaria",ST_BG,success
2026-09-22T23:24:06Z,"Burkina Faso vs Syria",BF_SY,success
2026-09-23T14:00:19Z,"Sweden vs Cabo Verde",SE_CV,success
2026-09-23T18:48:26Z,"Burundi vs Switzerland",BI_CH,success
2026-09-24T18:08:24Z,"Switzerland vs Burundi",CH_BI,success,success
2026-09-24T21:56:50Z,"Sweden vs Cabo Verde",SE_CV,success,success
2026-09-25T00:16:06Z,"Suriname vs Cambodia",SR_KH,success,success
2026-09-25T10:41:31Z,"Sudan vs Cameroon",SD_CM,success,success
2026-09-26T01:08:21Z,"Canada vs Sri Lanka",CA_LK,success,success
2026-09-26T11:56:34Z,"Central African Republic vs Spain",CF_ES,success,success
2026-09-27T05:58:35Z,"South Korea vs Chile",KR_CL,success,success
2026-09-27T12:36:46Z,"South Korea vs Chile",KR_CL,success,success
2026-09-28T02:05:42Z,"China vs South Africa",CN_ZA,success,success
2026-09-28T17:56:11Z,"Somalia vs Colombia",SO_CO,success,success
2026-09-29T02:25:37Z,"Comoros vs Solomon Islands",KM_SB,success,success
2026-09-29T21:11:05Z,"Costa Rica vs Slovenia",CR_SI,success,success
2026-09-30T00:51:39Z,"Slovakia vs Croatia",SK_HR,success,success
2026-09-30T13:10:03Z,"Cuba vs Singapore",CU_SG,success,success
2026-10-01T08:16:09Z,"Sierra Leone vs Cyprus",SL_CY,success,success
2026-10-01T15:01:14Z,"Seychelles vs Czechia",SC_CZ,success,success
2026-10-02T06:25:11Z,"Côte d'Ivoire vs Serbia",CI_RS,success,success
2026-10-02T13:22:55Z,"Democratic Republic of the Congo vs Senegal",CD_SN,success,success
2026-10-03T12:55:08Z,"Hungary vs Niger",HU_NE,success,success
2026-10-04T02:15:16Z,"Iceland vs Nicaragua",IS_NI,success,success
2026-10-05T23:02:03Z,"India vs New Zealand",IN_NZ,success,success
2026-10-06T03:26:44Z,"Indonesia vs Netherlands",ID_NL,success,success
2026-10-07T02:02:46Z,"Iran vs Nepal",IR_NP,success,success
2026-10-08T00:37:26Z,"Iraq vs Nauru",IQ_NR,success,success
2026-10-09T06:55:05Z,"Ireland vs Namibia",IE_NA,success,success
